{
  "cards": [
    {
      "question": "Pourquoi LV est moche ?",
      "answer": "Feur",
      "probability": 1.0,
      "statCard": {
        "nbTimesSeen": 0,
        "nbTimesCorrect": 0,
        "nbTimesWrong": 0,
        "timesSpent": []
      },
      "tags": [],
      "media": {
        "file": "logo_UL.jpg",
        "type": "IMG"
      }
    },
    {
      "question": "Pourquoi ?",
      "answer": "Feur",
      "probability": 1.0,
      "statCard": {
        "nbTimesSeen": 0,
        "nbTimesCorrect": 0,
        "nbTimesWrong": 0,
        "timesSpent": []
      },
      "tags": []
    },
    {
      "question": "Est ce que la sauvegarde fonctionne ?",
      "answer": "Oui",
      "probability": 1.0,
      "statCard": {
        "nbTimesSeen": 0,
        "nbTimesCorrect": 0,
        "nbTimesWrong": 0,
        "timesSpent": []
      },
      "tags": []
    },
    {
      "question": "Est ce que la sauvegarde fonctionne toujours ?",
      "answer": "Oui",
      "probability": 1.0,
      "statCard": {
        "nbTimesSeen": 0,
        "nbTimesCorrect": 0,
        "nbTimesWrong": 0,
        "timesSpent": []
      },
      "tags": []
    }
  ],
  "tags": [],
  "statDeck": {
    "nbTimesOpened": 0,
    "nbTimesCorrect": 0,
    "nbTimesWrong": 0,
    "nbCardsSeen": 0,
    "timesSpent": 0,
    "statCards": [],
    "lastOpened": 1672858275777,
    "creationDate": 1672858275777
  },
  "name": "deck",
  "description": "Le deck tah les fou"
}